original_text,perturbed_text,original_score,perturbed_score,original_output,perturbed_output,ground_truth_output,num_queries,result_type,label_shap
` dragonfly ' is a movie about a bus wreck that turns into a [[film]] [[wreck]] .,` dragonfly ' is a movie about a bus wreck that turns into a [[firm]] [[wrec]] .,0.007345795631408691,0.019719183444976807,0,0,0,21,Failed,
"unfortunately , the picture failed to [[capture]] me .","unfortunately , the picture failed to [[capturN]] me .",0.0006772279739379883,0.002199828624725342,0,0,0,9,Failed,
"the tug-of-war at the core of beijing bicycle becomes weighed down with agonizing contrivances , [[overheated]] pathos and [[long]] , wistful gazes .","the tug-of-war at the core of beijing bicycle becomes weighed down with agonizing contrivances , [[voerheated]] pathos and [[loyng]] , wistful gazes .",0.024798154830932617,0.05340331792831421,0,0,0,22,Failed,
"de oliveira creates an emotionally rich , poetically plump and visually fulsome , but never [[showy]] , film whose bittersweet themes are reinforced and [[brilliantly]] [[personified]] by michel piccoli .","de oliveira creates an emotionally rich , poetically plump and visually fulsome , but never [[shFwy]] , film whose bittersweet themes are reinforced and [[brilliantlTy]] [[peqsonified]] by michel piccoli .",0.14608728885650635,0.46879059076309204,1,1,1,33,Failed,
winds up feeling [[like]] [[lots]] of other quirky movies that try to score hipness points with young adults .,winds up feeling [[liQe]] [[lts]] of other quirky movies that try to score hipness points with young adults .,0.003538072109222412,0.036220014095306396,0,0,0,21,Failed,
"britney has been delivered to the big screen safe and sound , the way we [[like]] our 20-year-old superstar girls to travel on the fame freeway .","britney has been delivered to the big screen safe and sound , the way we [[liTke]] our 20-year-old superstar girls to travel on the fame freeway .",0.36296916007995605,0.8031737804412842,1,0,1,19,Successful,1
it should be mentioned that the set design and interiors of the haunted vessel are more than effectively creepy and [[moodily]] [[lit]] .,it should be mentioned that the set design and interiors of the haunted vessel are more than effectively creepy and [[moodly]] [[liX]] .,0.04742586612701416,0.5736783742904663,1,0,1,18,Successful,1
"this is [[one]] of the most visually stunning and thematically moving epics in recent memory , and in spite of numerous [[minor]] flaws , scorsese 's [[best]] in more than a decade .","this is [[oAe]] of the most visually stunning and thematically moving epics in recent memory , and in spite of numerous [[imnor]] flaws , scorsese 's [[besM]] in more than a decade .",0.020023465156555176,0.1688569188117981,1,1,1,28,Failed,
watching it is rather like an [[overlong]] visit from a large group of your relatives .,watching it is rather like an [[overlnog]] visit from a large group of your relatives .,0.06278926134109497,0.7662936449050903,0,1,0,13,Successful,0
"there is no entry portal in the rules of attraction , and i spent most of the movie feeling [[depressed]] by the shallow , [[selfish]] , [[greedy]] characters .","there is no entry portal in the rules of attraction , and i spent most of the movie feeling [[depresseM]] by the shallow , [[sefish]] , [[geedy]] characters .",0.002652287483215332,0.007345795631408691,0,0,0,24,Failed,
"the film benefits greatly from a less manic tone than its predecessor , as cho appears to have settled comfortably into her [[skin]] .","the film benefits greatly from a less manic tone than its predecessor , as cho appears to have settled comfortably into her [[skni]] .",0.04958897829055786,0.6791787147521973,1,0,1,17,Successful,1
"an [[earnest]] , heartrending look at the divide between religious fundamentalists and their gay relatives .","an [[eranest]] , heartrending look at the divide between religious fundamentalists and their gay relatives .",0.2974699139595032,0.9664105176925659,1,0,1,13,Successful,1
"in his debut as a film director , denzel washington delivers a lean and [[engaging]] [[work]] .","in his debut as a film director , denzel washington delivers a lean and [[eTgaging]] [[Gork]] .",0.0021827220916748047,0.103748619556427,1,1,1,18,Failed,
"the cold and dreary weather is a perfect [[metaphor]] for the [[movie]] itself , which [[contains]] few laughs and not much drama .","the cold and dreary weather is a perfect [[metaphGor]] for the [[omvie]] itself , which [[contawns]] few laughs and not much drama .",0.0028449296951293945,0.05419880151748657,0,0,0,23,Failed,
"despite the long running time , the pace [[never]] feels slack -- there 's no scene that screams `` bathroom break ! ''","despite the long running time , the pace [[nevel]] feels slack -- there 's no scene that screams `` bathroom break ! ''",0.051845431327819824,0.9984021782875061,1,0,1,18,Successful,0
"kwan makes the mix-and - match metaphors intriguing , while [[lulling]] us into torpor with his cultivated allergy to [[action]] .","kwan makes the mix-and - match metaphors intriguing , while [[lulliug]] us into torpor with his cultivated allergy to [[aciton]] .",0.07477009296417236,0.1732882261276245,0,0,0,21,Failed,
the [[smartest]] bonehead comedy of the summer .,the [[martest]] bonehead comedy of the summer .,0.32423537969589233,0.9910145998001099,1,0,1,9,Successful,1
"while undercover brother is definitely one for the masses , it 's also full of [[sharp]] , smart [[satire]] .","while undercover brother is definitely one for the masses , it 's also full of [[shaip]] , smart [[astire]] .",0.013636887073516846,0.7549149990081787,1,0,1,19,Successful,1
the ill-conceived modern-day ending falls [[flat]] where it should [[deliver]] a moral punch .,the ill-conceived modern-day ending falls [[lat]] where it should [[Xeliver]] a moral punch .,0.0015247464179992676,0.022977352142333984,0,0,0,16,Failed,
"george , hire a real director and good writers for the next installment , please .","george , hire a real director and good writers for the next installment , please .",0.859663724899292,0.859663724899292,1,1,0,1,Skipped,
"if this movie were a book , it would be a [[page-turner]] , you ca n't wait to see what happens [[next]] .","if this movie were a book , it would be a [[page-turXer]] , you ca n't wait to see what happens [[ext]] .",0.011331737041473389,0.7341195344924927,1,0,1,19,Successful,1
a simmering psychological drama in which the bursts of sudden violence are all the more startling for the slow buildup that has preceded them .,a simmering psychological drama in which the bursts of sudden violence are all the more startling for the slow buildup that has preceded them .,0.6261241436004639,0.6261241436004639,0,0,1,1,Skipped,
"the laser-projected paintings provide a spell-casting beauty , while russell and dreyfus are a romantic pairing of [[hearts]] , preciously exposed as history corners them .","the laser-projected paintings provide a spell-casting beauty , while russell and dreyfus are a romantic pairing of [[hejrts]] , preciously exposed as history corners them .",0.30404168367385864,0.6297746300697327,1,0,1,19,Successful,0
a monster [[combat]] thriller as [[impersonal]] in its relentlessness as the videogame series that inspired it .,a monster [[comabt]] thriller as [[ipmersonal]] in its relentlessness as the videogame series that inspired it .,0.005469262599945068,0.6654105186462402,0,1,0,29,Successful,1
"but in imax 3-d , the clichés [[disappear]] into the vertiginous perspectives opened up by the photography .","but in imax 3-d , the clichés [[disappemr]] into the vertiginous perspectives opened up by the photography .",0.4960938096046448,0.7772998809814453,1,0,1,13,Successful,1
"there is a kind of attentive concern that hoffman brings to his characters , as if he has been giving them private lessons , and now it is time for their first public [[recital]] .","there is a kind of attentive concern that hoffman brings to his characters , as if he has been giving them private lessons , and now it is time for their first public [[rectal]] .",0.08509904146194458,0.9681411385536194,1,0,1,18,Successful,1
"it 's the kind of movie that ends up festooning u.s. art house screens for no [[reason]] other than the fact that it 's in french -[[lrb-]] well , [[mostly]] -rrb- with english subtitles and is [[magically]] ` significant ' because of that .","it 's the kind of movie that ends up festooning u.s. art house screens for no [[reasTon]] other than the fact that it 's in french -[[rlb-]] well , [[motsly]] -rrb- with english subtitles and is [[magicalRy]] ` significant ' because of that .",0.1666753888130188,0.609524130821228,0,1,0,41,Successful,1
steers turns in a snappy screenplay that curls at the edges ; it 's so clever you want to hate it .,steers turns in a snappy screenplay that curls at the edges ; it 's so clever you want to hate it .,0.8887587785720825,0.8887587785720825,0,0,1,1,Skipped,
"it extends the [[writings]] of jean genet and john rechy , the films of fassbinder , perhaps even the nocturnal works of goya .","it extends the [[wrbtings]] of jean genet and john rechy , the films of fassbinder , perhaps even the nocturnal works of goya .",0.28140562772750854,0.5736783742904663,1,0,1,18,Successful,1
"we need -lrb- moore 's -rrb- noisy , cocky energy , his passion and class consciousness ; we need his shticks , we need his stones .","we need -lrb- moore 's -rrb- noisy , cocky energy , his passion and class consciousness ; we need his shticks , we need his stones .",0.8519527912139893,0.8519527912139893,0,0,1,1,Skipped,
for benigni it was n't shakespeare whom he wanted to define his career with but pinocchio .,for benigni it was n't shakespeare whom he wanted to define his career with but pinocchio .,0.9637799263000488,0.9637799263000488,0,0,1,1,Skipped,
"i kept thinking over and over again , ' i should be enjoying this . '","i kept thinking over and over again , ' i should be enjoying this . '",0.009559392929077148,0.009559392929077148,0,0,0,16,Failed,
all the necessary exposition [[prevents]] the picture from rising above your [[generic]] sand 'n' sandal adventure .,all the necessary exposition [[prevetns]] the picture from rising above your [[generir]] sand 'n' sandal adventure .,0.0021156668663024902,0.023509502410888672,0,0,0,18,Failed,
"too silly to be frightening , too [[stolid]] to be [[funny]] , it [[projects]] the same lazy affability as its nominal star , david arquette .","too silly to be frightening , too [[stlid]] to be [[fDnny]] , it [[projeHcts]] the same lazy affability as its nominal star , david arquette .",0.001466512680053711,0.020488500595092773,0,0,0,24,Failed,
"... mesmerizing , an eye-opening tour of modern beijing culture in a journey of rebellion , retreat into oblivion and return .","... mesmerizing , an eye-opening tour of modern beijing culture in a journey of rebellion , retreat into oblivion and return .",0.5,0.5,0,0,1,1,Skipped,
do we really [[need]] a 77-minute [[film]] to [[tell]] us exactly why a romantic relationship between a 15-year-old boy and a 40-year-old woman does n't work ?,do we really [[neesd]] a 77-minute [[fiKm]] to [[dtell]] us exactly why a romantic relationship between a 15-year-old boy and a 40-year-old woman does n't work ?,0.0017409920692443848,0.007011830806732178,0,0,0,26,Failed,
"when it 's all wet , blue crush is [[highly]] enjoyable .","when it 's all wet , blue crush is [[highcy]] enjoyable .",0.03963881731033325,0.6261241436004639,1,0,1,10,Successful,1
"matthew [[mcconaughey]] tries , and [[fails]] , to control the screen with swaggering machismo and over-the-top lunacy .","matthew [[mcconaguhey]] tries , and [[fais]] , to control the screen with swaggering machismo and over-the-top lunacy .",0.0011159777641296387,0.04084569215774536,0,0,0,19,Failed,
"pretty darn good , despite its smarty-pants aura .","pretty darn good , despite its smarty-pants aura .",0.8933094143867493,0.8933094143867493,0,0,1,1,Skipped,
this is pretty [[dicey]] material .,this is pretty [[icey]] material .,0.0019570589065551758,0.09807932376861572,0,0,0,8,Failed,
"i can only imagine one [[thing]] [[worse]] than kevin spacey trying on an [[irish]] accent , and that 's sultry linda fiorentino doing the same thing .","i can only imagine one [[thnig]] [[wores]] than kevin spacey trying on an [[iish]] accent , and that 's sultry linda fiorentino doing the same thing .",0.0100136399269104,0.16026604175567627,0,0,0,30,Failed,
there 's something [[fundamental]] [[missing]] from this story : something or someone to care about .,there 's something [[fundmaental]] [[Bissing]] from this story : something or someone to care about .,0.006388366222381592,0.026155591011047363,0,0,0,16,Failed,
mckay deflates his piece of puffery with a sour cliche and [[heavy]] doses of [[mean-spiritedness]],mckay deflates his piece of puffery with a sour cliche and [[Jeavy]] doses of [[meKan-spiritedness]],0.0005274415016174316,0.2450850009918213,0,0,0,18,Failed,
farrell ... thankfully [[manages]] to outshine the role and successfully plays the foil to willis 's world-weary [[colonel]] .,farrell ... thankfully [[managos]] to outshine the role and successfully plays the foil to willis 's world-weary [[cloonel]] .,0.027585208415985107,0.9149009585380554,1,0,1,20,Successful,1
"as it abruptly crosscuts among the five friends , it [[fails]] to [[lend]] the characters ' individual stories enough dramatic resonance to make us [[care]] about them .","as it abruptly crosscuts among the five friends , it [[Uails]] to [[led]] the characters ' individual stories enough dramatic resonance to make us [[Mare]] about them .",0.0006986856460571289,0.3106943964958191,0,0,0,29,Failed,
a [[well-made]] and often lovely [[depiction]] of the mysteries of friendship .,a [[well-mWde]] and often lovely [[deMiction]] of the mysteries of friendship .,0.004905343055725098,0.5851011872291565,1,0,1,15,Successful,1
one scarcely [[needs]] the subtitles to enjoy this colorful action farce .,one scarcely [[needMs]] the subtitles to enjoy this colorful action farce .,0.007011830806732178,0.7090191841125488,1,0,1,12,Successful,1
"there are [[times]] when a rumor of angels plays like an extended episode of touched by an angel -- a little too much dancing , a few too many weeping scenes -- but i liked its heart and its [[spirit]] .","there are [[timse]] when a rumor of angels plays like an extended episode of touched by an angel -- a little too much dancing , a few too many weeping scenes -- but i liked its heart and its [[zpirit]] .",0.19930803775787354,0.5467381477355957,1,0,1,27,Successful,1
it 's both a necessary political work and a [[fascinating]] documentary ...,it 's both a necessary political work and a [[fiscinating]] documentary ...,0.08756381273269653,0.9775429368019104,1,0,1,10,Successful,1
... surprisingly [[inert]] for a movie in which the main character travels back and forth between epochs .,... surprisingly [[inesrt]] for a movie in which the main character travels back and forth between epochs .,0.007577240467071533,0.9161096215248108,0,1,0,14,Successful,1
"i like frank the pug , though .","i like frank the pug , though .",0.837619960308075,0.837619960308075,0,0,1,1,Skipped,
"it almost plays [[like]] solaris , but with guns and jokes .","it almost plays [[luike]] solaris , but with guns and jokes .",0.41869693994522095,0.9294403791427612,1,0,1,11,Successful,1
"for all its highfalutin title and corkscrew [[narrative]] , the movie [[turns]] out to be not [[much]] more than a shaggy human tale .","for all its highfalutin title and corkscrew [[narradive]] , the movie [[urns]] out to be not [[mucI]] more than a shaggy human tale .",0.004468441009521484,0.010986924171447754,0,0,0,27,Failed,
"nearly surreal , [[dabbling]] in french , this is no simple movie , and you 'll be [[taking]] a [[risk]] if you choose to see it .","nearly surreal , [[dabbing]] in french , this is no simple movie , and you 'll be [[takidg]] a [[rik]] if you choose to see it .",0.31742626428604126,0.5273165702819824,0,1,0,33,Successful,1
"does what a fine [[documentary]] does best : it [[extends]] a warm invitation into an unfamiliar world , then [[illuminates]] it fully and allows the larger implications of the journey to [[sink]] in unobtrusively .","does what a fine [[Yocumentary]] does best : it [[extens]] a warm invitation into an unfamiliar world , then [[illumPnates]] it fully and allows the larger implications of the journey to [[isnk]] in unobtrusively .",0.08035743236541748,0.43014734983444214,1,1,1,33,Failed,
"rambles on in a disjointed , [[substandard]] [[fashion]] from one poorly executed action sequence to the next .","rambles on in a disjointed , [[substanZard]] [[fashJion]] from one poorly executed action sequence to the next .",0.0008830428123474121,0.001455068588256836,0,0,0,19,Failed,
the [[best]] movie of its kind since ` brazil . ',the [[beht]] movie of its kind since ` brazil . ',0.02096426486968994,0.8244619369506836,1,0,1,11,Successful,1
proves that a movie about goodness is not the same [[thing]] as a [[good]] movie .,proves that a movie about goodness is not the same [[thiVg]] as a [[goo]] movie .,0.002359628677368164,0.00812464952468872,0,0,0,19,Failed,
"a [[gimmick]] in search of a [[movie]] : how to get carvey into as many silly costumes and deliver as many silly voices as [[possible]] , plot mechanics be damned .","a [[gmimick]] in search of a [[move]] : how to get carvey into as many silly costumes and deliver as many silly voices as [[posCsible]] , plot mechanics be damned .",0.0105704665184021,0.3812195658683777,0,0,0,44,Failed,
made by [[jackasses]] for jackasses .,made by [[jackaDses]] for jackasses .,0.0009548068046569824,0.010652542114257812,0,0,0,7,Failed,
"when the painted backdrops in a movie are more alive than its characters , you [[know]] you 're in [[trouble]] .","when the painted backdrops in a movie are more alive than its characters , you [[Wnow]] you 're in [[nrouble]] .",0.0064882636070251465,0.021615266799926758,0,0,0,16,Failed,
"so [[young]] , so smart , such talent , such a wise \*\*\* .","so [[oyung]] , so smart , such talent , such a wise \*\*\* .",0.2974699139595032,0.8587185740470886,1,0,1,9,Successful,1
"awkward but sincere and , ultimately , it [[wins]] you over .","awkward but sincere and , ultimately , it [[wis]] you over .",0.23370635509490967,0.672331690788269,1,0,1,9,Successful,0
[[barely]] goes beyond comic book status .,[[brely]] goes beyond comic book status .,0.0014104247093200684,0.863391637802124,0,1,0,11,Successful,1
"a truly moving experience , and a [[perfect]] example of how art -- when done right -- can help heal , clarify , and [[comfort]] .","a truly moving experience , and a [[perfeAt]] example of how art -- when done right -- can help heal , clarify , and [[cofort]] .",0.03410041332244873,0.05419880151748657,1,1,1,21,Failed,
"it turns out to be a [[cut]] above the norm , thanks to some clever writing and sprightly [[acting]] .","it turns out to be a [[cuY]] above the norm , thanks to some clever writing and sprightly [[acxing]] .",0.007232785224914551,0.5428632497787476,1,0,1,17,Successful,1
and forget about any [[attempt]] at a plot !,and forget about any [[athempt]] at a plot !,0.002980947494506836,0.011331737041473389,0,0,0,8,Failed,
credibility levels are low and character development a [[non-starter]] .,credibility levels are low and character development a [[on-starter]] .,0.0005274415016174316,0.0032476186752319336,0,0,0,11,Failed,
the film is an [[enjoyable]] family film -- pretty much [[aimed]] at any youngster who loves horses .,the film is an [[enjoyuable]] family film -- pretty much [[aiRed]] at any youngster who loves horses .,0.05340331792831421,0.5964331030845642,1,0,1,19,Successful,1
"the character is too forced and overwritten to be funny or believable much of the [[time]] , and clayburgh does [[n't]] always [[improve]] the over-the-top mix .","the character is too forced and overwritten to be funny or believable much of the [[Dime]] , and clayburgh does [[nEt]] always [[iprove]] the over-the-top mix .",0.002714991569519043,0.03904825448989868,0,0,0,26,Failed,
"unless you are in dire need of a diesel fix , there is no real [[reason]] to [[see]] it .","unless you are in dire need of a diesel fix , there is no real [[resaon]] to [[Msee]] it .",0.0028009414672851562,0.01461571455001831,0,0,0,16,Failed,
the [[movie]] 's biggest offense is its complete and utter [[lack]] of tension .,the [[mowie]] 's biggest offense is its complete and utter [[black]] of tension .,0.0010004639625549316,0.005598247051239014,0,0,0,24,Failed,
"it 's a humble effort , but spiced with wry [[humor]] and genuine pathos , [[especially]] between morgan and redgrave .","it 's a humble effort , but spiced with wry [[humLr]] and genuine pathos , [[especailly]] between morgan and redgrave .",0.02976006269454956,0.10087865591049194,1,1,1,19,Failed,
"-lrb- [[two]] -rrb- [[fairly]] dull -- contrasting and interlocking stories about [[miserable]] scandinavian settlers in 18th-century canada , and yuppie sailboaters in the here and now .","-lrb- [[tweo]] -rrb- [[airly]] dull -- contrasting and interlocking stories about [[mnserable]] scandinavian settlers in 18th-century canada , and yuppie sailboaters in the here and now .",0.09009301662445068,0.2658804655075073,0,0,0,36,Failed,
-lrb- sen 's -rrb- soap opera-ish approach [[undermines]] his good [[intentions]] .,-lrb- sen 's -rrb- soap opera-ish approach [[underOmines]] his good [[intentionR]] .,0.0010649561882019043,0.008577525615692139,0,0,0,18,Failed,
it 's [[one]] of the most honest films ever made about hollywood .,it 's [[noe]] of the most honest films ever made about hollywood .,0.021948277950286865,0.7217432260513306,1,0,1,11,Successful,0
this is [[one]] for the ages .,this is [[onZe]] for the ages .,0.009267985820770264,0.4263215661048889,1,1,1,7,Failed,
schindler 's list it ai [[n't]] .,schindler 's list it ai [[nyt]] .,0.01507258415222168,0.03541076183319092,0,0,0,9,Failed,
they felt [[like]] the same movie to me .,they felt [[ike]] the same movie to me .,0.014957070350646973,0.031143784523010254,0,0,0,12,Failed,
will grab your children by the [[imagination]] and amaze them and amuse them .,will grab your children by the [[imaginatiDn]] and amaze them and amuse them .,0.016656994819641113,0.5234203338623047,1,0,1,10,Successful,1
strong setup and [[ambitious]] goals fade as the [[film]] descends into unsophisticated scare tactics and b-film thuggery .,strong setup and [[Kmbitious]] goals fade as the [[ofilm]] descends into unsophisticated scare tactics and b-film thuggery .,0.0011695027351379395,0.0057749152183532715,0,0,0,21,Failed,
"it 's a hoot and a half , and a great way for the american people to see what a candidate is like when he 's not giving the same 15-cent stump speech .","it 's a hoot and a half , and a great way for the american people to see what a candidate is like when he 's not giving the same 15-cent stump speech .",0.5039061307907104,0.5039061307907104,0,0,1,1,Skipped,
[[must-see]] viewing for anyone involved in the high-tech industry .,[[msut-see]] viewing for anyone involved in the high-tech industry .,0.003538072109222412,0.9334307909011841,1,0,1,11,Successful,1
"a clutchy , indulgent and [[pretentious]] travelogue and [[diatribe]] against ... well , just stuff .","a clutchy , indulgent and [[pretentinus]] travelogue and [[diaUtribe]] against ... well , just stuff .",0.0006461739540100098,0.003376603126525879,0,0,0,16,Failed,
"showtime is [[one]] of the [[hapless]] victims of the arrogant [[``]] if we put together a wry white man and a chatty black man and give them guns , the movie will be [[funny]] '' syndrome .","showtime is [[ne]] of the [[haplses]] victims of the arrogant [[i`]] if we put together a wry white man and a chatty black man and give them guns , the movie will be [[funRy]] '' syndrome .",0.018546581268310547,0.13296425342559814,0,0,0,35,Failed,
"divertingly ridiculous , headbangingly noisy .","divertingly ridiculous , headbangingly noisy .",0.9664105176925659,0.9664105176925659,1,1,0,1,Skipped,
provides an [[intriguing]] [[window]] into the imagination and hermetic analysis of todd solondz .,provides an [[intriguign]] [[windbw]] into the imagination and hermetic analysis of todd solondz .,0.07477009296417236,0.8418256640434265,1,0,1,17,Successful,1
"this warm and gentle romantic comedy has enough interesting characters to fill several movies , and its ample charms should win over the most [[hard-hearted]] [[cynics]] .","this warm and gentle romantic comedy has enough interesting characters to fill several movies , and its ample charms should win over the most [[har-hearted]] [[cnics]] .",0.04468083381652832,0.6548947095870972,1,0,1,23,Successful,1
the [[plot]] is so [[predictable]] and sentimental that viewers are likely to lose interest before sandrine and her goats walk off into the [[sunset]] .,the [[polt]] is so [[pTredictable]] and sentimental that viewers are likely to lose interest before sandrine and her goats walk off into the [[sunUset]] .,0.011158108711242676,0.1208532452583313,0,0,0,24,Failed,
"flat , but with a revelatory performance by [[michelle]] williams .","flat , but with a revelatory performance by [[micqhelle]] williams .",0.20689404010772705,0.3849121332168579,0,0,0,10,Failed,
once you get into its rhythm ... the movie becomes a [[heady]] experience .,once you get into its rhythm ... the movie becomes a [[ehady]] experience .,0.13117319345474243,0.9319595694541931,1,0,1,11,Successful,1
"birot is a competent enough filmmaker , but her [[story]] has [[nothing]] fresh or very exciting about it .","birot is a competent enough filmmaker , but her [[sPtory]] has [[nZthing]] fresh or very exciting about it .",0.0022518038749694824,0.004468441009521484,0,0,0,17,Failed,
"[[run]] , do n't walk , to see this barbed and bracing comedy on the big screen .","[[ru]] , do n't walk , to see this barbed and bracing comedy on the big screen .",0.12168574333190918,0.9213576316833496,1,0,1,14,Successful,1
"de [[niro]] looks bored , murphy recycles murphy , and you mentally add showtime to the pile of hollywood dreck that [[represents]] [[nothing]] more than the art of the deal .","de [[inro]] looks bored , murphy recycles murphy , and you mentally add showtime to the pile of hollywood dreck that [[represInts]] [[noUhing]] more than the art of the deal .",0.01883310079574585,0.04535257816314697,0,0,0,30,Failed,
quite funny for the type of movie it is ...,quite funny for the type of movie it is ...,0.5312093496322632,0.5312093496322632,0,0,1,1,Skipped,
a well acted and well intentioned [[snoozer]] .,a well acted and well intentioned [[snPozer]] .,0.0028009414672851562,0.8080672025680542,0,1,0,10,Successful,1
[[little]] more than a frothy vanity project .,[[littlHe]] more than a frothy vanity project .,0.0004878044128417969,0.0031726956367492676,0,0,0,8,Failed,
"a work of intricate elegance , literary lyricism and [[profound]] common [[sense]] .","a work of intricate elegance , literary lyricism and [[profuond]] common [[senHse]] .",0.01224130392074585,0.5755879878997803,1,0,1,16,Successful,1
it 's a [[glorious]] groove that leaves you wanting more .,it 's a [[gHlorious]] groove that leaves you wanting more .,0.020645976066589355,0.403566837310791,1,1,1,9,Failed,
"interacting eyeball-to-eyeball and toe-to-toe , hopkins and norton are a winning combination -- but fiennes steals ` red dragon ' right from under their noses .","interacting eyeball-to-eyeball and toe-to-toe , hopkins and norton are a winning combination -- but fiennes steals ` red dragon ' right from under their noses .",0.7185944318771362,0.7185944318771362,0,0,1,1,Skipped,
a charming romantic comedy that is by far the [[lightest]] dogme film and among the most [[enjoyable]] .,a charming romantic comedy that is by far the [[lightset]] dogme film and among the most [[enjoayble]] .,0.01590639352798462,0.9190632700920105,1,0,1,18,Successful,1
"rather , you 'll have to wrestle disbelief to the ground and then [[apply]] the [[chloroform-soaked]] handkerchief .","rather , you 'll have to wrestle disbelief to the ground and then [[apphy]] the [[chlrooform-soaked]] handkerchief .",0.007815897464752197,0.01090240478515625,0,0,0,14,Failed,
"[[lacks]] heart , depth and , most of all , purpose .","[[lTacks]] heart , depth and , most of all , purpose .",0.000656425952911377,0.6370307803153992,0,1,0,9,Successful,0
it is [[inspirational]] in characterizing how people from such diverse cultures [[share]] the same human and spiritual needs .,it is [[inspiraktional]] in characterizing how people from such diverse cultures [[shaPre]] the same human and spiritual needs .,0.014063596725463867,0.4148988723754883,1,1,1,18,Failed,
hawke draws out the [[best]] from his large cast in beautifully articulated portrayals that are subtle and so expressive they can sustain the poetic flights in burdette 's dialogue .,hawke draws out the [[beDt]] from his large cast in beautifully articulated portrayals that are subtle and so expressive they can sustain the poetic flights in burdette 's dialogue .,0.09009301662445068,0.6548947095870972,1,0,1,20,Successful,1
lead provocatuers testud and parmentier give superlative [[performances]],lead provocatuers testud and parmentier give superlative [[perforZmances]],0.004264712333679199,0.05500531196594238,1,1,1,12,Failed,
"merely as a technical , logistical feat , russian ark marks a [[cinematic]] milestone .","merely as a technical , logistical feat , russian ark marks a [[cqnematic]] milestone .",0.39233678579330444,0.9612438082695007,1,0,1,14,Successful,1
no more .,no more .,0.02442312240600586,0.02442312240600586,0,0,0,1,Failed,
demands too [[much]] of most viewers .,demands too [[mLch]] of most viewers .,0.0007436871528625488,0.0013885498046875,0,0,0,8,Failed,
"as a revenge thriller , the movie is serviceable , but it does [[n't]] really [[deliver]] the [[delicious]] guilty pleasure of the better film versions .","as a revenge thriller , the movie is serviceable , but it does [[m't]] really [[deeiver]] the [[delBicious]] guilty pleasure of the better film versions .",0.016403019428253174,0.04569196701049805,0,0,0,26,Failed,
"it is risky , intelligent , romantic and [[rapturous]] from [[start]] to finish .","it is risky , intelligent , romantic and [[rpaturous]] from [[stqart]] to finish .",0.02976006269454956,0.6334102153778076,1,0,1,15,Successful,1
[[vividly]] [[conveys]] both the pitfalls and the pleasures of over-the-top love .,[[vivxdly]] [[conveyz]] both the pitfalls and the pleasures of over-the-top love .,0.13296425342559814,0.7956581115722656,1,0,1,15,Successful,1
warmed-over tarantino by way of [[wannabe]] elmore leonard .,warmed-over tarantino by way of [[wannabXe]] elmore leonard .,0.005060315132141113,0.03308594226837158,0,0,0,11,Failed,
the [[saturation]] bombing of reggio 's images and [[glass]] ' evocative music ... ultimately leaves viewers with the task of divining meaning .,the [[saturatoin]] bombing of reggio 's images and [[glnass]] ' evocative music ... ultimately leaves viewers with the task of divining meaning .,0.08509904146194458,0.10521054267883301,0,0,0,34,Failed,
this bold and lyrical first feature from raja amari expands the pat notion that middle-aged women just wanna have fun into a rousing treatise of [[sensual]] [[empowerment]] .,this bold and lyrical first feature from raja amari expands the pat notion that middle-aged women just wanna have fun into a rousing treatise of [[gsensual]] [[empoweKrment]] .,0.06465351581573486,0.5774953365325928,1,0,1,26,Successful,1
"this is n't a narrative film -- i do n't know if it 's possible to make a narrative film about september 11th , though i 'm sure some will try -- but it 's as close as anyone has dared to come .","this is n't a narrative film -- i do n't know if it 's possible to make a narrative film about september 11th , though i 'm sure some will try -- but it 's as close as anyone has dared to come .",0.9086179137229919,0.9086179137229919,0,0,1,1,Skipped,
"without [[september]] 11 , collateral damage would have been just [[another]] bad movie .","without [[sepJtember]] 11 , collateral damage would have been just [[Rnother]] bad movie .",0.03021460771560669,0.07477009296417236,0,0,0,21,Failed,
a thinly veiled [[excuse]] for wilson to play his self-deprecating act against murphy 's well-honed [[prima]] donna shtick .,a thinly veiled [[excEuse]] for wilson to play his self-deprecating act against murphy 's well-honed [[pJima]] donna shtick .,0.01883310079574585,0.04369109869003296,0,0,0,21,Failed,
too [[close]] to phantom menace for comfort .,too [[lose]] to phantom menace for comfort .,0.002980947494506836,0.008985459804534912,0,0,0,9,Failed,
time changer may not be the most memorable cinema session but its profound self-evaluation message about our fragile existence and the absence of spiritual guidance should at least invade an abundance of [[mindsets]],time changer may not be the most memorable cinema session but its profound self-evaluation message about our fragile existence and the absence of spiritual guidance should at least invade an abundance of [[minRdsets]],0.4493926167488098,0.949669361114502,1,0,1,23,Successful,0
"the weight of water uses water as a metaphor for subconscious desire , but this [[leaky]] script [[barely]] stays afloat .","the weight of water uses water as a metaphor for subconscious desire , but this [[leakGy]] script [[barety]] stays afloat .",0.009559392929077148,0.0522308349609375,0,0,0,21,Failed,
"shainberg weaves a carefully balanced scenario that is controlled by neither character , is weirdly [[sympathetic]] to both and manages to be [[tender]] and darkly [[comic]] .","shainberg weaves a carefully balanced scenario that is controlled by neither character , is weirdly [[sympathetci]] to both and manages to be [[tenedr]] and darkly [[omic]] .",0.08269733190536499,0.5428632497787476,1,0,1,27,Successful,1
"a masterful film from a master filmmaker , unique in its deceptive grimness , compelling in its fatalist worldview .","a masterful film from a master filmmaker , unique in its deceptive grimness , compelling in its fatalist worldview .",0.611382007598877,0.611382007598877,0,0,1,1,Skipped,
"had anyone here done [[anything]] remotely intelligent , we all could have stopped watching long [[ago]] .","had anyone here done [[aDything]] remotely intelligent , we all could have stopped watching long [[ao]] .",0.002234339714050293,0.009125590324401855,0,0,0,19,Failed,
"all the [[performances]] are top notch and , once you get through the accents , all or nothing [[becomes]] an emotional , though still positive , wrench of a [[sit]] .","all the [[perfomrances]] are top notch and , once you get through the accents , all or nothing [[becomets]] an emotional , though still positive , wrench of a [[it]] .",0.22000712156295776,0.43782347440719604,1,1,1,26,Failed,
"katz uses archival footage , horrifying documents of lynchings , still photographs and charming old reel-to-reel recordings of meeropol entertaining his children to create his song history , but most [[powerful]] of all is the [[song]] itself","katz uses archival footage , horrifying documents of lynchings , still photographs and charming old reel-to-reel recordings of meeropol entertaining his children to create his song history , but most [[pwoerful]] of all is the [[sRong]] itself",0.1208532452583313,0.6297746300697327,1,0,1,30,Successful,1
"though howard demonstrates a great eye as a director , this southern gothic drama is sadly a tough sit , with an undeveloped [[narrative]] and [[enough]] flashbacks and heavy-handed metaphors to [[choke]] a [[horse]] -- or at least [[slow]] him down to a canter .","though howard demonstrates a great eye as a director , this southern gothic drama is sadly a tough sit , with an undeveloped [[narratixe]] and [[eiough]] flashbacks and heavy-handed metaphors to [[chNke]] a [[horte]] -- or at least [[Glow]] him down to a canter .",0.032589733600616455,0.2538610100746155,0,0,0,52,Failed,
"it 's the cinematic equivalent of a good page-turner , and even if it 's nonsense , its claws dig [[surprisingly]] deep .","it 's the cinematic equivalent of a good page-turner , and even if it 's nonsense , its claws dig [[surprisinglf]] deep .",0.3812195658683777,0.702530026435852,1,0,1,15,Successful,1
"as tweedy talks about canning his stockbroker and [[repairing]] his pool , you yearn for a few airborne tv sets or [[nude]] groupies on the nod to [[liven]] things up .","as tweedy talks about canning his stockbroker and [[rpairing]] his pool , you yearn for a few airborne tv sets or [[nudQe]] groupies on the nod to [[livefn]] things up .",0.024053573608398438,0.09138202667236328,0,0,0,32,Failed,
"[[occasionally]] melodramatic , it 's also extremely effective .","[[occasioSally]] melodramatic , it 's also extremely effective .",0.15817439556121826,0.9252299666404724,1,0,1,10,Successful,0
would seem to have a lock on the title of [[ugliest]] movie of the year .,would seem to have a lock on the title of [[gliest]] movie of the year .,0.005554854869842529,0.42250460386276245,0,0,0,35,Failed,
about as cutting-edge as [[pet]] rock : the movie .,about as cutting-edge as [[ept]] rock : the movie .,0.010652542114257812,0.04023796319961548,0,0,0,9,Failed,
pray 's film works well and will appeal [[even]] to those who are n't too [[familiar]] with turntablism .,pray 's film works well and will appeal [[evjen]] to those who are n't too [[fbamiliar]] with turntablism .,0.09138202667236328,0.6150878667831421,1,0,1,18,Successful,1
"this is a [[terrific]] character study , a probe into the life of a complex man .","this is a [[terrYfic]] character study , a probe into the life of a complex man .",0.026355326175689697,0.9704646468162537,1,0,1,12,Successful,1
"i found it slow , drab , and [[bordering]] on melodramatic .","i found it slow , drab , and [[bRrdering]] on melodramatic .",0.00044077634811401367,0.001040339469909668,0,0,0,10,Failed,
a yarn that respects the marvel version without becoming ensnared by it .,a yarn that respects the marvel version without becoming ensnared by it .,0.6757646203041077,0.6757646203041077,0,0,1,1,Skipped,
"marisa [[tomei]] is good , but just a [[kiss]] is just a mess .","marisa [[tmei]] is good , but just a [[Ziss]] is just a mess .",0.0179862380027771,0.5926665663719177,0,1,0,13,Successful,0
"clever , brutal and strangely [[soulful]] movie .","clever , brutal and strangely [[sulful]] movie .",0.14608728885650635,0.961533784866333,1,0,1,10,Successful,1
the master of disaster - it 's a piece of [[dreck]] [[disguised]] as comedy .,the master of disaster - it 's a piece of [[drOeck]] [[isguised]] as comedy .,0.0005442500114440918,0.0030994415283203125,0,0,0,15,Failed,
an exceedingly [[clever]] piece of cinema .,an exceedingly [[clewer]] piece of cinema .,0.0012255311012268066,0.4532618522644043,1,1,1,9,Failed,
"ms. fulford-wierzbicki is almost spooky in her sulky , calculating lolita turn .","ms. fulford-wierzbicki is almost spooky in her sulky , calculating lolita turn .",0.9928231239318848,0.9928231239318848,0,0,1,1,Skipped,
going to the website may be just as fun -lrb- and scary -rrb- as going to the film .,going to the website may be just as fun -lrb- and scary -rrb- as going to the film .,0.5156198740005493,0.5156198740005493,1,1,0,1,Skipped,
"[[like]] a tone-deaf singer at a benefit concert , john q. is a bad movie appearing on behalf of a good cause .","[[line]] a tone-deaf singer at a benefit concert , john q. is a bad movie appearing on behalf of a good cause .",0.08756381273269653,0.9433475732803345,0,1,0,18,Successful,1
some actors have so much [[charisma]] that you 'd be happy to listen to them reading the phone book .,some actors have so much [[chaMisma]] that you 'd be happy to listen to them reading the phone book .,0.05749320983886719,0.9744347929954529,1,0,1,13,Successful,1
a dream [[cast]] of solid female talent who [[build]] a seamless ensemble .,a dream [[catst]] of solid female talent who [[bxild]] a seamless ensemble .,0.003483414649963379,0.9553191065788269,1,0,1,17,Successful,1
"in a normal screen process , these bromides would be [[barely]] enough to sustain an interstitial program on the [[discovery]] channel .","in a normal screen process , these bromides would be [[bavrely]] enough to sustain an interstitial program on the [[Aiscovery]] channel .",0.004905343055725098,0.11920297145843506,0,0,0,29,Failed,
-lrb- anderson -rrb- uses a hit-or-miss aesthetic that hits often enough to keep the film entertaining even if none of it makes a lick of sense .,-lrb- anderson -rrb- uses a hit-or-miss aesthetic that hits often enough to keep the film entertaining even if none of it makes a lick of sense .,0.9674102663993835,0.9674102663993835,0,0,1,1,Skipped,
"... both hokey and super-cool , and definitely not in a hurry , so sit back , relax and have a few laughs while the little [[ones]] [[get]] a fuzzy treat . '","... both hokey and super-cool , and definitely not in a hurry , so sit back , relax and have a few laughs while the little [[onse]] [[geqt]] a fuzzy treat . '",0.11920297145843506,0.8221891522407532,1,0,1,22,Successful,1
what 's next ?,what 's next ?,0.8918110728263855,0.8918110728263855,0,0,1,1,Skipped,
marries the amateurishness of the blair witch project with the illogic of series 7 : the contenders to [[create]] a completely [[crass]] and [[forgettable]] movie .,marries the amateurishness of the blair witch project with the illogic of series 7 : the contenders to [[creaze]] a completely [[rass]] and [[forgettablm]] movie .,0.0013885498046875,0.025760531425476074,0,0,0,27,Failed,
"its direction , its script , and weaver 's performance as a vaguely discontented woman of substance make for a mildly entertaining 77 minutes , if that 's what you 're in the mood for .","its direction , its script , and weaver 's performance as a vaguely discontented woman of substance make for a mildly entertaining 77 minutes , if that 's what you 're in the mood for .",0.7217432260513306,0.7217432260513306,0,0,1,1,Skipped,
"sensitive , insightful and [[beautifully]] rendered film .","sensitive , insightful and [[peautifully]] rendered film .",0.004331469535827637,0.010248661041259766,1,1,1,10,Failed,
but an unwillingness to explore beyond the surfaces of her characters [[prevents]] nettelbeck 's film from [[coming]] together .,but an unwillingness to explore beyond the surfaces of her characters [[prevenzts]] nettelbeck 's film from [[cominH]] together .,0.0008559226989746094,0.0029121041297912598,0,0,0,19,Failed,
"the writers , director wally [[wolodarsky]] , and all the [[actors]] should start their own coeducational fraternity : kappa rho alpha phi .","the writers , director wally [[wolobdarsky]] , and all the [[acUors]] should start their own coeducational fraternity : kappa rho alpha phi .",0.18242555856704712,0.2628418207168579,0,0,0,21,Failed,
"on the surface , it 's a lovers-on-the-run crime flick , but it has a lot in common with piesiewicz 's and kieslowski 's earlier work , films like the double life of [[veronique]] .","on the surface , it 's a lovers-on-the-run crime flick , but it has a lot in common with piesiewicz 's and kieslowski 's earlier work , films like the double life of [[veroniqGe]] .",0.27512967586517334,0.5467381477355957,1,0,1,20,Successful,1
"audiences [[conditioned]] to getting weepy over saucer-eyed , downy-cheeked moppets and their empathetic caretakers will probably [[feel]] emotionally [[cheated]] by the film 's tart , sugar-free wit .","audiences [[conidtioned]] to getting weepy over saucer-eyed , downy-cheeked moppets and their empathetic caretakers will probably [[feedl]] emotionally [[ceated]] by the film 's tart , sugar-free wit .",0.024798154830932617,0.5312093496322632,0,1,0,30,Successful,1
"a sour , [[nasty]] offering .","a sour , [[naty]] offering .",0.0005442500114440918,0.0018243789672851562,0,0,0,8,Failed,
"chicago is sophisticated , brash , sardonic , completely [[joyful]] in its execution .","chicago is sophisticated , brash , sardonic , completely [[coyful]] in its execution .",0.04742586612701416,0.7371581792831421,1,0,1,12,Successful,0
"in fessenden 's horror [[trilogy]] , this theme has [[proved]] important to him and is especially so in the finale .","in fessenden 's horror [[trlogy]] , this theme has [[provePd]] important to him and is especially so in the finale .",0.28140562772750854,0.8418256640434265,1,0,1,17,Successful,0
"a frantic search for laughs , with a hit-to-miss ratio that does n't exactly [[favour]] the [[audience]] .","a frantic search for laughs , with a hit-to-miss ratio that does n't exactly [[fayvour]] the [[audienHce]] .",0.0012066364288330078,0.004538476467132568,0,0,0,18,Failed,
feels [[like]] six different movies fighting each other for attention .,feels [[liQe]] six different movies fighting each other for attention .,0.006589829921722412,0.019719183444976807,0,0,0,12,Failed,
"as a witness to several greek-american weddings -- but , happily , a victim of none -- i can [[testify]] to the comparative [[accuracy]] of ms. vardalos ' memories and [[insights]] .","as a witness to several greek-american weddings -- but , happily , a victim of none -- i can [[tektify]] to the comparative [[accupacy]] of ms. vardalos ' memories and [[ipsights]] .",0.046724915504455566,0.554470419883728,1,0,1,27,Successful,1
the film makes a [[strong]] [[case]] for the importance of the musicians in creating the motown sound .,the film makes a [[astrong]] [[cae]] for the importance of the musicians in creating the motown sound .,0.009412586688995361,0.06853747367858887,1,1,1,18,Failed,
the story loses its bite in a last-minute happy [[ending]] that 's [[even]] [[less]] plausible than the rest of the picture .,the story loses its bite in a last-minute happy [[ening]] that 's [[veen]] [[lecs]] plausible than the rest of the picture .,0.0013353824615478516,0.005598247051239014,0,0,0,24,Failed,
"the result is solemn and horrifying , yet strangely [[detached]] .","the result is solemn and horrifying , yet strangely [[detched]] .",0.0031726956367492676,0.006538867950439453,0,0,0,11,Failed,
"[[director]] benoit jacquot , making his [[first]] opera-to-film translation with tosca , [[conveys]] the heaving passion of puccini 's famous love-jealousy - murder-suicide fandango with great cinematic innovation .","[[lirector]] benoit jacquot , making his [[frist]] opera-to-film translation with tosca , [[covneys]] the heaving passion of puccini 's famous love-jealousy - murder-suicide fandango with great cinematic innovation .",0.04958897829055786,0.46101677417755127,1,1,1,32,Failed,
"you would be better off investing in the worthy [[emi]] recording that serves as the soundtrack , or the [[home]] [[video]] of the 1992 malfitano-domingo production .","you would be better off investing in the worthy [[mi]] recording that serves as the soundtrack , or the [[hoem]] [[ivdeo]] of the 1992 malfitano-domingo production .",0.13296425342559814,0.24798744916915894,0,0,0,26,Failed,
the production [[values]] are up there .,the production [[valyes]] are up there .,0.02800750732421875,0.894789457321167,1,0,1,7,Successful,1
a very [[average]] science fiction film .,a very [[averaTge]] science fiction film .,0.0032731294631958008,0.010489165782928467,0,0,0,9,Failed,
"a distant , even sterile , yet compulsively watchable look at the sordid life of hogan 's heroes star bob crane .","a distant , even sterile , yet compulsively watchable look at the sordid life of hogan 's heroes star bob crane .",0.9921841025352478,0.9921841025352478,0,0,1,1,Skipped,
"home alone goes hollywood , a funny [[premise]] until the [[kids]] [[start]] pulling off stunts not even steven spielberg would know how to do .","home alone goes hollywood , a funny [[prehise]] until the [[kdis]] [[stdart]] pulling off stunts not even steven spielberg would know how to do .",0.01150810718536377,0.18242555856704712,0,0,0,40,Failed,
"might have been [[better]] off as a documentary , with less of mr. eyre 's uninspired dramatics and more of his sense of [[observation]] and [[outrage]] .","might have been [[beTtter]] off as a documentary , with less of mr. eyre 's uninspired dramatics and more of his sense of [[obserPation]] and [[outEage]] .",0.11124128103256226,0.5078119039535522,0,1,0,32,Successful,0
davis has filled out his cast with [[appealing]] fresh faces .,davis has filled out his cast with [[appaling]] fresh faces .,0.006289958953857422,0.9989012479782104,1,0,1,11,Successful,1
"full of profound , real-life moments that anyone can relate to , it [[deserves]] a [[wide]] audience .","full of profound , real-life moments that anyone can relate to , it [[djeserves]] a [[widp]] audience .",0.011331737041473389,0.18952113389968872,1,1,1,18,Failed,
"the period -- [[swinging]] london in the time of the mods and the rockers -- gets the once-over once again in gangster no. 1 , but [[falls]] apart [[long]] before the end .","the period -- [[swiIging]] london in the time of the mods and the rockers -- gets the once-over once again in gangster no. 1 , but [[falRs]] apart [[ong]] before the end .",0.02096426486968994,0.09467768669128418,0,0,0,27,Failed,
-lrb- broomfield -rrb- uncovers a story powerful enough to leave the screen [[sizzling]] with intrigue .,-lrb- broomfield -rrb- uncovers a story powerful enough to leave the screen [[szizling]] with intrigue .,0.10669058561325073,0.7490872144699097,1,0,1,16,Successful,1
"an exciting and involving rock music doc , a [[smart]] and [[satisfying]] look inside that tumultuous world .","an exciting and involving rock music doc , a [[smaUt]] and [[saBisfying]] look inside that tumultuous world .",0.007232785224914551,0.10087865591049194,1,1,1,20,Failed,
"unlike the nauseating fictions peddled by such ` have-yourself-a-happy-little-holocaust ' movies as life is beautiful and jakob the liar , the grey zone is honest enough to deny the possibility of hope in auschwitz .","unlike the nauseating fictions peddled by such ` have-yourself-a-happy-little-holocaust ' movies as life is beautiful and jakob the liar , the grey zone is honest enough to deny the possibility of hope in auschwitz .",0.986571729183197,0.986571729183197,0,0,1,1,Skipped,
about as satisfying and [[predictable]] as the fare at your local [[drive]] through .,about as satisfying and [[pedictable]] as the fare at your local [[drvie]] through .,0.0018102526664733887,0.00706636905670166,0,0,0,14,Failed,
"[[divine]] secrets of the ya-ya sisterhood may not be exactly divine , but it 's [[definitely]] -- defiantly -- ya ya , what with all of those [[terrific]] songs and spirited performances .","[[divWine]] secrets of the ya-ya sisterhood may not be exactly divine , but it 's [[definitel]] -- defiantly -- ya ya , what with all of those [[teRrrific]] songs and spirited performances .",0.05500531196594238,0.2845759987831116,1,1,1,28,Failed,
"-lrb- a -rrb- rare , [[beautiful]] film .","-lrb- a -rrb- rare , [[beauiful]] film .",0.22815650701522827,0.43782347440719604,1,1,1,10,Failed,
"superior genre storytelling , which gets under our skin simply by crossing the nuclear line .","superior genre storytelling , which gets under our skin simply by crossing the nuclear line .",0.9304582476615906,0.9304582476615906,0,0,1,1,Skipped,
presents an astute appraisal of middle american musical torpor and the desperate struggle to escape it .,presents an astute appraisal of middle american musical torpor and the desperate struggle to escape it .,0.9744347929954529,0.9744347929954529,0,0,1,1,Skipped,
a pro-fat farce that overcomes much of its excessive moral baggage thanks to two [[appealing]] lead performances .,a pro-fat farce that overcomes much of its excessive moral baggage thanks to two [[uappealing]] lead performances .,0.0736963152885437,0.9416541457176208,1,0,1,17,Successful,1
"it 's hard not to be seduced by -lrb- witherspoon 's -rrb- charisma , even in this run-of-the-mill vehicle , because this girl [[knows]] how to drive it to the [[max]] .","it 's hard not to be seduced by -lrb- witherspoon 's -rrb- charisma , even in this run-of-the-mill vehicle , because this girl [[knwos]] how to drive it to the [[Uax]] .",0.0815197229385376,0.6001883745193481,1,0,1,22,Successful,0
"reggio falls victim to relying on the very digital technology that he fervently scorns , creating a meandering , [[inarticulate]] and [[ultimately]] [[disappointing]] film .","reggio falls victim to relying on the very digital technology that he fervently scorns , creating a meandering , [[inatriculate]] and [[Hultimately]] [[disaTppointing]] film .",0.001377701759338379,0.005426943302154541,0,0,0,31,Failed,
"smart science fiction for grown-ups , with only a few [[false]] steps along the [[way]] .","smart science fiction for grown-ups , with only a few [[fDalse]] steps along the [[wa]] .",0.04742586612701416,0.815232515335083,1,0,1,17,Successful,1
"an incendiary , deeply thought-provoking look at one of the most peculiar -lrb- and peculiarly venomous -rrb- bigotries in our increasingly frightening theocracy","an incendiary , deeply thought-provoking look at one of the most peculiar -lrb- and peculiarly venomous -rrb- bigotries in our increasingly frightening theocracy",0.9053223133087158,0.9053223133087158,0,0,1,1,Skipped,
it 's a great deal of [[sizzle]] and very [[little]] steak .,it 's a great deal of [[sizDle]] and very [[mittle]] steak .,0.0005274415016174316,0.012431681156158447,0,0,0,14,Failed,
"mixes likeable personalities , [[inventive]] photography and cutting , and wall-to-wall toe-tapping music to paint a picture of a subculture that is at once exhilarating , silly , perverse , hopeful and [[always]] [[fun]] .","mixes likeable personalities , [[inventiv]] photography and cutting , and wall-to-wall toe-tapping music to paint a picture of a subculture that is at once exhilarating , silly , perverse , hopeful and [[alwas]] [[fRn]] .",0.05707138776779175,0.2365162968635559,1,1,1,35,Failed,
john leguizamo may be a dramatic [[actor]] -- just not in this movie .,john leguizamo may be a dramatic [[cator]] -- just not in this movie .,0.03358954191207886,0.04569196701049805,0,0,0,31,Failed,
the film is like a series of beginnings and middles that [[never]] [[take]] off .,the film is like a series of beginnings and middles that [[ever]] [[takg]] off .,0.0007916092872619629,0.02096426486968994,0,0,0,16,Failed,
"even by dumb action-movie standards , ballistic : [[ecks]] vs. sever is a [[dumb]] action movie .","even by dumb action-movie standards , ballistic : [[ceks]] vs. sever is a [[udmb]] action movie .",0.0100136399269104,0.3106943964958191,0,0,0,20,Failed,
"liman , of swingers and go , makes his big-budget action film debut [[something]] of a [[clunker]] as he delivers a long , low-heat chase , interrupted by a middling [[car]] chase .","liman , of swingers and go , makes his big-budget action film debut [[somehing]] of a [[cUunker]] as he delivers a long , low-heat chase , interrupted by a middling [[lar]] chase .",0.03161877393722534,0.28776782751083374,0,0,0,43,Failed,
a marvellous journey from childhood idealism to adolescent self-absorption .,a marvellous journey from childhood idealism to adolescent self-absorption .,0.9693242311477661,0.9693242311477661,0,0,1,1,Skipped,
about nowhere kids who appropriated turfs as they found them and become self-made celebrity athletes -- a low-down version of the american dream .,about nowhere kids who appropriated turfs as they found them and become self-made celebrity athletes -- a low-down version of the american dream .,0.9726235270500183,0.9726235270500183,0,0,1,1,Skipped,
"the [[movie]] takes itself too seriously and , as a result , it [[makes]] for only intermittent fun .","the [[dmovie]] takes itself too seriously and , as a result , it [[makeZ]] for only intermittent fun .",0.003123641014099121,0.013636887073516846,0,0,0,16,Failed,
it is so refreshing to see robin williams turn 180 degrees from the string of insultingly innocuous and sappy fiascoes he 's been making for the last several years .,it is so refreshing to see robin williams turn 180 degrees from the string of insultingly innocuous and sappy fiascoes he 's been making for the last several years .,0.9825575351715088,0.9825575351715088,0,0,1,1,Skipped,
"the plot is very clever , but [[boyd]] weighs it down with too many characters and events , all intertwined and [[far]] too complicated to keep [[track]] of .","the plot is very clever , but [[boXd]] weighs it down with too many characters and events , all intertwined and [[Qar]] too complicated to keep [[rack]] of .",0.0100136399269104,0.02442312240600586,0,0,0,25,Failed,
"this is such a high-energy movie where the drumming and the marching are so excellent , who cares if the story 's a [[little]] [[weak]] .","this is such a high-energy movie where the drumming and the marching are so excellent , who cares if the story 's a [[littkle]] [[weRk]] .",0.23370635509490967,0.8289388418197632,1,0,1,18,Successful,1
